epoch,stage,G_Total,G_GAN,G_L1,G_Perceptual,G_Gradient,D_Total,D_Real,D_Fake,GP_Loss,D_Grad_Norm,D_Real_Mean,D_Fake_Mean,D_Real_Std,D_Fake_Std,Batch_Count
0,Stage1-Basic,14.363979583090924,0.7621774273983976,13.60180213096294,0.0,0.0,327.1634853139837,0.0,0.0,32.63995084927437,15882.5651061796,-0.028687244817426308,-0.026823419069455182,0.8359947505783527,0.8385252581631883,188
1,Stage1-Basic,11.386087442966218,0.74603900028036,10.640048432857432,0.0,0.0,4.7675729821971125,0.0,0.0,0.4020614545356403,387.4786771852739,-0.0620615139722507,-0.06175894333802639,0.729491947496191,0.7326528677280914,188
2,Stage1-Basic,10.570926569877788,0.7366692388945437,9.834257349054864,0.0,0.0,1.228010432517275,0.0,0.0,0.049073589814608874,78.49788769551905,-0.06332835559039673,-0.06324312728928759,0.6598999687331788,0.6624248167301746,188
3,Stage1-Basic,10.08372455708524,0.7238889006858177,9.35983567542218,0.0,0.0,0.9368785835326986,0.0,0.0,0.021267949677186405,35.67223143470177,-0.05898699037572171,-0.05919536623231908,0.5553719406115248,0.5574577777309621,188
4,Stage1-Basic,9.864193956902687,0.7124321923611012,9.151761755030206,0.0,0.0,0.8887780413348624,0.0,0.0,0.017626253294788223,33.522526791211035,-0.0604801498393112,-0.06068651475250087,0.4450732696246594,0.4459289104697552,188
5,Stage1-Basic,9.585534638546882,0.7045292385081028,8.881005363261446,0.0,0.0,0.8376129596157277,0.0,0.0,0.013319315553514009,38.23311513936553,-0.058176478450285625,-0.05845829901939377,0.34778042422964217,0.34815746625053123,188
6,Stage1-Basic,9.43113527906702,0.6989079596514397,8.732227320366718,0.0,0.0,0.7926248267610022,0.0,0.0,0.009389822418055933,39.87701596291658,-0.044597207667662744,-0.0448253298118869,0.25554711767967714,0.2556838482776855,188
7,Stage1-Basic,9.39014169256738,0.6961283201866961,8.694013385062522,0.0,0.0,0.7630562265502646,0.0,0.0,0.006706827989856197,38.27313089159227,-0.017716701375320554,-0.017874513290812598,0.1940585974841676,0.1937062179947153,188
8,Stage1-Basic,9.139721274375916,0.6954377039949945,8.44428357672184,0.0,0.0,0.7456062749979344,0.0,0.0,0.005029486831459663,32.12348954024596,-0.006283693830482662,-0.006400468381508154,0.17170867783592103,0.17122129747208129,188
9,Stage1-Basic,9.10870706781428,0.6952095472432197,8.413497526594933,0.0,0.0,0.7393420100846189,0.0,0.0,0.004439342940733037,28.725832865353063,0.011881008141109364,0.011621296820676629,0.16117990341909388,0.16071636015747456,188
10,Stage1-Basic,9.016038958062516,0.6950911778084775,8.320947778985856,0.0,0.0,0.7414779869165826,0.0,0.0,0.004656647450633984,28.164061831781805,0.01446162791429781,0.014280113710481872,0.15744517735661345,0.156890518170722,188
11,Stage1-Basic,8.94564345288784,0.6950104880206128,8.250632950600158,0.0,0.0,0.7360979017425091,0.0,0.0,0.004128729638862151,25.545062640700042,0.04169494850546161,0.04154557224543904,0.15154916642511146,0.15112275091257502,188
12,Stage1-Basic,8.825063461953022,0.6950332848949635,8.13003015010915,0.0,0.0,0.7416592322765513,0.0,0.0,0.004696102500058762,25.31490918565863,0.04144287751207346,0.04119116804646725,0.14989572565289253,0.14933312066057894,188
13,Stage1-Basic,8.791585950141258,0.6947569349344741,8.096828998403346,0.0,0.0,0.7398623871676465,0.0,0.0,0.00452153631533989,25.221380805182434,0.05533721863212896,0.05526041469853768,0.1455782483074259,0.14495412014583323,188
14,Stage1-Basic,8.75436226357805,0.6946542297906064,8.059708029665845,0.0,0.0,0.7355853401600047,0.0,0.0,0.004099801802983572,23.89703228043877,0.04811461520024595,0.048050927176596,0.14463567781321546,0.14407870672801706,188
15,Stage1-Basic,8.671462578976408,0.6945989287280022,7.976863622665405,0.0,0.0,0.7279005985944829,0.0,0.0,0.0033347402606252333,22.44406812420598,0.03643755675565966,0.036441079317344395,0.1425476059159066,0.14202974871435065,188
16,Stage1-Basic,8.636832158616249,0.694569506226702,7.9422626672907075,0.0,0.0,0.7300663996250072,0.0,0.0,0.0035586787562738695,21.01180533332307,0.08103052254251027,0.08100673497872467,0.13914803320423086,0.13853189214429956,188
17,Stage1-Basic,8.542158456558877,0.6945896567182338,7.847568798572459,0.0,0.0,0.7332691569277581,0.0,0.0,0.0038925118560461883,23.404509223717785,0.07279990413325264,0.07260782477703501,0.13707884583384433,0.1365535922269238,188
18,Stage1-Basic,8.51181830751135,0.6944958776869672,7.817322431726659,0.0,0.0,0.7310231771874935,0.0,0.0,0.0036652034073376078,22.911306841665347,0.029979564484203868,0.029900938440287645,0.13755915567595908,0.13702008025126255,188
19,Stage1-Basic,8.4777241843812,0.6944754247335677,7.7832487415760125,0.0,0.0,0.7270265050390934,0.0,0.0,0.003273143664510497,21.54647077385772,0.018757148607425948,0.018610938929610864,0.13601123248326016,0.13545628272472543,188
20,Stage1-Basic,8.492109597997462,0.6943609074075171,7.797748656983071,0.0,0.0,0.7205809186747734,0.0,0.0,0.0026314018015251893,19.666323957471015,0.01582455469117044,0.01576540923548585,0.13407437324999494,0.13352654858472499,188
21,Stage1-Basic,8.38405432853293,0.6944703494614743,7.68958398889988,0.0,0.0,0.724156806760646,0.0,0.0,0.0029985749204841225,20.790687750303277,0.03198798463377665,0.03174082924453343,0.13303372485840576,0.1324795342268462,188
22,Stage1-Basic,8.35165347697887,0.6944094135406169,7.657244033001839,0.0,0.0,0.7201885980494479,0.0,0.0,0.0026031948289799286,18.52220470278613,0.01633880850908525,0.01615871790365534,0.13170893260456146,0.13119577671936217,188
23,Stage1-Basic,8.278255188718756,0.694393700741707,7.583861472758841,0.0,0.0,0.7196753944488282,0.0,0.0,0.002557334306402481,18.573377571509223,0.031377985106256015,0.031146421827910904,0.13012452368089494,0.12962708657884853,188
24,Stage1-Basic,8.30851753468209,0.6942711837114172,7.614246350653628,0.0,0.0,0.7173623550445476,0.0,0.0,0.002325988116044368,17.162363063174766,0.024579279164367532,0.024432737037212528,0.12785497565377266,0.12739628283901416,188
25,Stage1-Basic,8.254131218220325,0.6943318539477409,7.55979936934532,0.0,0.0,0.7205886485728812,0.0,0.0,0.002648659652279209,18.505022859201713,0.016364954063975985,0.01620198183933253,0.1287899593565058,0.12834117125640523,188
26,Stage1-Basic,8.193276608243902,0.6943059589000459,7.498970665830247,0.0,0.0,0.7190790556846781,0.0,0.0,0.0025003832931186944,18.230615842161885,0.03238824266752109,0.032222762978833884,0.12625759519002538,0.12574835240523866,188
27,Stage1-Basic,8.209819874864943,0.6943050762440296,7.515514807498201,0.0,0.0,0.7200175872508515,0.0,0.0,0.002593928335741982,18.252424437764887,0.02023120556878758,0.020083394861393707,0.12602286322161238,0.12555099770109704,188
28,Stage1-Basic,8.08976320510215,0.694247211547608,7.395516007504565,0.0,0.0,0.716756709712617,0.0,0.0,0.002273003141647465,17.59552717934638,0.0006712242363991731,0.0005065446330650531,0.1252192829517608,0.12477217697875297,188
29,Stage1-Basic,8.06505260568984,0.6942210986893228,7.370831479417517,0.0,0.0,0.7158313032160414,0.0,0.0,0.002183252910401008,17.673307186826122,0.024986582026727735,0.024838900947794715,0.12381769653330459,0.1233816671957995,188
30,Stage1-Basic,8.072291617697857,0.6941854630378966,7.378106145148582,0.0,0.0,0.7161064950075555,0.0,0.0,0.0022118647076685522,17.847529124141175,0.0060034443028617965,0.0058441805180182,0.12403073756301657,0.1236283078472665,188
31,Stage1-Basic,8.02354780917472,0.6941960178157116,7.329351808162445,0.0,0.0,0.7125696187957804,0.0,0.0,0.001864808850981756,15.40881851746897,0.004182107809762609,0.003940770547450619,0.123337993517201,0.12291845326569487,188
32,Stage1-Basic,8.012626412067007,0.6941522718109983,7.318474150718527,0.0,0.0,0.7146207141749402,0.0,0.0,0.002064832960465363,16.457426975158533,0.009598677426804491,0.009445606500524631,0.12340871918391674,0.12299505942203898,188
33,Stage1-Basic,7.943555486963151,0.6941643899425547,7.2493911119217564,0.0,0.0,0.7181757583897165,0.0,0.0,0.0024205295285742554,17.63090704005111,0.008006640224459958,0.007845525294195544,0.12262937810985332,0.12217650891460002,188
34,Stage1-Basic,7.9329686494583775,0.6942038796049483,7.2387647755602575,0.0,0.0,0.7116460743102622,0.0,0.0,0.0017770646373003517,14.589547017711444,-0.0005784542089268724,-0.0008384408899880153,0.1220047605877861,0.12154795395884108,188
35,Stage1-Basic,7.910088072431848,0.6942334945531602,7.215854583902562,0.0,0.0,0.7123945659779488,0.0,0.0,0.0018488860806679982,15.071775498074071,0.002193516057153094,0.0019380806913064357,0.12182591280880127,0.12143246492648378,188
36,Stage1-Basic,7.864778668322462,0.6941198259592056,7.170658847118946,0.0,0.0,0.711369312189995,0.0,0.0,0.0017484196369162207,15.21057415292768,-0.014554105530631668,-0.01475139119677206,0.12081189291115771,0.12040353506962036,188
37,Stage1-Basic,7.845106292278208,0.6941356126298296,7.150970679648379,0.0,0.0,0.7122101010160243,0.0,0.0,0.001836572622468861,14.684251255893505,-0.01960464696489037,-0.01987515932365142,0.11971758714223162,0.11931438593471304,188
38,Stage1-Basic,7.872000975811735,0.6941273199751022,7.177873667250288,0.0,0.0,0.7129013963202213,0.0,0.0,0.0019067638496245366,15.927000586779348,-0.03135938779574799,-0.0316066712046914,0.11876626962676962,0.11834749226715971,188
39,Stage1-Basic,7.749008064574384,0.6940889983101094,7.054919062776769,0.0,0.0,0.7111117227914485,0.0,0.0,0.001725153648100999,14.675558311521655,-0.021525888957647964,-0.02171341051654692,0.11815112777688402,0.11766735131436205,188
40,Stage1-Basic,7.72539717085818,0.6940800062519439,7.031317168093742,0.0,0.0,0.7125389883492855,0.0,0.0,0.0018716480983826803,15.074287288481468,-0.02312000418834864,-0.023339569257780354,0.11892400075622062,0.11846162517495612,188
41,Stage1-Basic,7.697566986083984,0.6940853015539494,7.003481679774345,0.0,0.0,0.7104745548456273,0.0,0.0,0.0016664208554349434,14.891317464233486,-0.03206243813830487,-0.032272656279754765,0.11828403935787525,0.11787039968878665,188
42,Stage1-Basic,7.651380336031001,0.6940134357898793,6.957366910386593,0.0,0.0,0.710025338099358,0.0,0.0,0.0016209598747314266,14.245612141946971,-0.03546874534135605,-0.03564405908183928,0.11703861473088568,0.11666305077836868,188
43,Stage1-Basic,7.583478717093772,0.6940439815850968,6.889434728216617,0.0,0.0,0.7083064431839801,0.0,0.0,0.0014545736591784627,13.48982905391806,-0.058264935983622326,-0.05851855149809668,0.11729991610379929,0.11689367898284121,188
44,Stage1-Basic,7.632886282941128,0.6940308755382578,6.938855396940353,0.0,0.0,0.7089027036377724,0.0,0.0,0.0015165285434550048,12.853349278724481,-0.041850009279206714,-0.042132373230452554,0.11436975188553333,0.11407156728525111,188
45,Stage1-Basic,7.558662848269686,0.6940450230811505,6.864617824554443,0.0,0.0,0.7127822165159469,0.0,0.0,0.0019033759296128645,15.151611028674614,-0.04565421287886838,-0.04589492200249608,0.11525572943402097,0.11488098540204636,188
46,Stage1-Basic,7.551425682737472,0.6939779034954436,6.857447799215925,0.0,0.0,0.7091829795786675,0.0,0.0,0.0015385314384710658,14.036867639098386,-0.035344386403944265,-0.03547923300821493,0.1129462432433316,0.112527589690178,188
47,Stage1-Basic,7.459839833543656,0.6940090707007874,6.765830757770132,0.0,0.0,0.7104363457319585,0.0,0.0,0.0016680798779661733,14.322428106364502,-0.028135924445257147,-0.02835342444434881,0.11274261812263346,0.11236965291677638,188
48,Stage1-Basic,7.427663813246057,0.6940288622962668,6.733634963948676,0.0,0.0,0.7098228690472055,0.0,0.0,0.001609359826188859,13.58621527225868,-0.038171400816397784,-0.03841836714096605,0.11227750564192204,0.11183061938178032,188
49,Stage1-Basic,7.419860304670131,0.69399741513932,6.725862883506937,0.0,0.0,0.7078029281915502,0.0,0.0,0.001406949313179134,12.53811127025303,-0.03892805529362027,-0.03915021983916534,0.11209092958969005,0.11176415992544052,188
50,Stage1-Basic,7.430012302195772,0.6939582304751619,6.736054060306955,0.0,0.0,0.708672045076147,0.0,0.0,0.0014961298969516995,13.149787182512162,-0.04145120043911912,-0.04169945901958272,0.11189745980849926,0.11158875736625905,188
51,Stage1-Basic,7.327117869194518,0.6940106952444036,6.633107167609195,0.0,0.0,0.7067942387880163,0.0,0.0,0.0013134515500186875,12.036934213947381,-0.03731907438115276,-0.037657649650119564,0.10965290812260294,0.1093599593385737,188
52,Stage1-Basic,7.344883665125421,0.6939504460451451,6.650933217495046,0.0,0.0,0.7060507580320886,0.0,0.0,0.0012343481937139276,11.96817849649429,-0.05042858959046846,-0.0506459712719624,0.10979525114786118,0.10942421330416456,188
53,Stage1-Basic,7.294477886341988,0.693974292658745,6.600503604462806,0.0,0.0,0.7108860053914658,0.0,0.0,0.0017176642843278775,13.691082434182912,-0.04764756984374625,-0.047917690069880337,0.11124753298119028,0.11088657232516623,188
54,Stage1-Basic,7.223352201441501,0.6939439237751859,6.529408269740165,0.0,0.0,0.7090451244978194,0.0,0.0,0.001533310249911626,13.078604271844585,-0.05658694286830723,-0.056792594224927904,0.11207951502280032,0.11177715100347996,188
55,Stage1-Basic,7.230233732690203,0.6939550413096205,6.5362787018430994,0.0,0.0,0.7075547097211189,0.0,0.0,0.0013847424480310168,12.790917740184957,-0.05086320856625729,-0.05108114870938849,0.111699654740539,0.11137515932638595,188
56,Stage1-Basic,7.189339581956255,0.6938959772282458,6.495443607898468,0.0,0.0,0.7045930896667724,0.0,0.0,0.0010931376037525355,11.128577886853105,-0.059257872452206435,-0.05951385696398768,0.11018138097480257,0.10984338819980621,188
57,Stage1-Basic,7.169125660936883,0.6938898839215015,6.475235802062015,0.0,0.0,0.7079021033454449,0.0,0.0,0.001421706288888248,12.412005083640814,-0.040496821210600754,-0.04072340623292319,0.10963207863746806,0.10928873333366627,188
58,Stage1-Basic,7.174825853489815,0.6939367566336977,6.480889114927738,0.0,0.0,0.7082426671652083,0.0,0.0,0.0014565767128550896,12.395270493066278,-0.04421936451863656,-0.04449927337601424,0.11080073846622984,0.11044389873426011,188
59,Stage1-Basic,7.1079235989996725,0.6939120616050477,6.414011541833269,0.0,0.0,0.7064641168776978,0.0,0.0,0.0012763973733486405,11.969910565316807,-0.04793835221789777,-0.048129439740342665,0.1104964479962562,0.11010261244596319,188
60,Stage1-Basic,7.076728658473238,0.6939046392415432,6.382824020182833,0.0,0.0,0.7079459787049192,0.0,0.0,0.0014252603182382138,12.068908133237764,-0.044026254431067155,-0.04423238831928911,0.10914346643109271,0.1088065476097325,188
61,Stage1-Basic,7.111119455479561,0.6939135463313854,6.417205906928854,0.0,0.0,0.7062816721327762,0.0,0.0,0.00126351052359554,11.471386686659088,-0.05384317944519856,-0.0541304492768138,0.10926815740605618,0.10899377764856562,188
62,Stage1-Basic,7.0244991551054285,0.6938749881500893,6.330624156809868,0.0,0.0,0.7066833097883995,0.0,0.0,0.0012986714768014784,11.777539978207983,-0.04982677075338173,-0.04999584438120748,0.10962446925646448,0.10921160064320615,188
63,Stage1-Basic,7.004509200441077,0.6938895389754721,6.310619683975869,0.0,0.0,0.7067481542521334,0.0,0.0,0.0013089019938443596,11.614723048996247,-0.05546835696998429,-0.055712678548978996,0.10976890399259456,0.10944397917928848,188
64,Stage1-Basic,6.963367373385328,0.693873091263974,6.269494264683825,0.0,0.0,0.7025190579130295,0.0,0.0,0.0008881578564216127,9.788384854108248,-0.048686666899618314,-0.048958628116413314,0.10832244288572605,0.10798911960359583,188
65,Stage1-Basic,6.9902020971825785,0.6939056369852512,6.296296472245074,0.0,0.0,0.7050697825690533,0.0,0.0,0.0011417852623166486,10.466440379793552,-0.040486236999524715,-0.040742325418173,0.10734222651003524,0.10704747599331622,188
66,Stage1-Basic,6.953080096143357,0.6938749323499963,6.259205151111521,0.0,0.0,0.706968940001853,0.0,0.0,0.0013305173838586036,11.903976653098704,-0.03604894968126207,-0.03626611150375151,0.1062215286049437,0.10588874406319984,188
67,Stage1-Basic,6.920512564638828,0.6938482250304933,6.226664330096955,0.0,0.0,0.7066907768553876,0.0,0.0,0.001302855149991414,11.892848547910859,-0.041159259905899935,-0.041373156424750514,0.10782398117032457,0.10749537616651109,188
68,Stage1-Basic,6.927052048926658,0.6938710012968551,6.233181055555952,0.0,0.0,0.7062059028985652,0.0,0.0,0.0012562031932905852,11.656756040783948,-0.03184185188481624,-0.03208776632264415,0.10633596714506759,0.10598178053314382,188
69,Stage1-Basic,6.8841624767222305,0.6938816822589712,6.190280774806408,0.0,0.0,0.7051651335143029,0.0,0.0,0.0011562968645987294,10.809439910419226,-0.029603366844078646,-0.02988850234195273,0.105877377608038,0.10558723246163511,188
70,Stage1-Basic,6.845006283293379,0.6938270805998051,6.151179217277689,0.0,0.0,0.7050611684296993,0.0,0.0,0.0011450806754742479,10.89962462830865,-0.02085791724644839,-0.021144937326329105,0.10312129073637596,0.10284004166246728,188
71,Stage1-Basic,6.814132999866567,0.6938154275747056,6.120317563097528,0.0,0.0,0.7056948130435132,0.0,0.0,0.0012048290723311204,10.62959796793188,-0.022934122094042362,-0.02313668950723405,0.10310453552990517,0.1027637585759797,188
72,Stage1-Basic,6.826367588753396,0.6938717844004326,6.132495824326861,0.0,0.0,0.7036467698660303,0.0,0.0,0.0010049726346203008,10.045586532280142,-0.02324902127432498,-0.02355875829086104,0.10334383739911496,0.10305141071055798,188
73,Stage1-Basic,6.800539194269383,0.6938957445164944,6.106643456093808,0.0,0.0,0.7062586197193633,0.0,0.0,0.0012645512221771493,11.632467153650657,-0.02748245694748859,-0.027738426122170416,0.10230220802762408,0.1020283025312931,188
74,Stage1-Basic,6.79969834266825,0.6938578435715209,6.105840505437648,0.0,0.0,0.705148124314369,0.0,0.0,0.001152566337313669,10.536490141819673,-0.030353669385534732,-0.0305934132800061,0.10084433017417471,0.10056193101596325,188
75,Stage1-Basic,6.75729922538108,0.6938357889018161,6.063463424114471,0.0,0.0,0.7039754374864253,0.0,0.0,0.0010374407924865273,10.072861992549727,-0.047471227000487295,-0.047732738089410864,0.10308876193742803,0.10282081991751144,188
76,Stage1-Basic,6.7597113467277365,0.6938647012761299,6.06584663340386,0.0,0.0,0.7049121238449787,0.0,0.0,0.0011309915561991573,10.999071054200908,-0.031100968463703037,-0.03137279236243364,0.1020309642115806,0.10166094876191717,188
77,Stage1-Basic,6.748530821597322,0.6938242519155462,6.054706573486328,0.0,0.0,0.7044591871981926,0.0,0.0,0.0010872149516526794,10.48005756141543,-0.03459524773581429,-0.03486575531907023,0.10018589494234705,0.09984531467582317,188
78,Stage1-Basic,6.761542043787368,0.6938310839394306,6.0677109525558794,0.0,0.0,0.7030012312721698,0.0,0.0,0.0009421427981346534,9.52283001104251,-0.04242699088508937,-0.04270709781694484,0.10010656484581054,0.09980558378106737,188
79,Stage1-Basic,6.691650837025744,0.6938280456877769,5.997822791972059,0.0,0.0,0.7044494614956227,0.0,0.0,0.0010844682963850457,10.27589919064438,-0.04343894323423267,-0.04367338794660061,0.10023752905111363,0.09991436416005835,188
80,Stage2-Refine,5.810117673366628,0.6938674072635934,2.9026718570830976,1.842408353343923,0.3711700510788471,0.702873429402392,0.0,0.0,0.0009321252531314732,9.509795375367236,-0.04472550029613751,-0.0450517932223057,0.1003422839765219,0.10004366807481076,188
81,Stage2-Refine,5.850295249451983,0.6938473994427539,2.9528101505117212,1.8331482289953436,0.37048946225896795,0.7029201546882061,0.0,0.0,0.0009365149892201248,9.118649975789138,-0.03144288179216946,-0.031732098662611494,0.09897048493966143,0.09859646004723742,188
82,Stage2-Refine,5.873599876748755,0.6938494596075504,2.9787534982600112,1.8305303384648992,0.37046659293961015,0.7037803178772013,0.0,0.0,0.0010214760787540457,9.729271787327162,-0.037892404200008854,-0.03816295367977681,0.09933857905103806,0.09897261358639027,188
83,Stage2-Refine,5.854731919917654,0.6938362651048823,2.963812361372278,1.827078235910294,0.3700050561034933,0.7039495177091436,0.0,0.0,0.0010405045328839829,10.12921253977542,-0.041651805595276835,-0.04195713998868744,0.09976959264183298,0.09942013389886693,188
84,Stage2-Refine,5.8431894601659575,0.693833922452115,2.956334358834206,1.823322169958277,0.3696990216031988,0.7028481836648698,0.0,0.0,0.000928733713350239,9.428064356681677,-0.036082871737543175,-0.03636121404595039,0.09951018300303753,0.09915927805482073,188
85,Stage2-Refine,5.82505646157772,0.6938518444274334,2.942415529109062,1.8194209070915872,0.36936818063259125,0.703210194060143,0.0,0.0,0.0009666230179623488,9.018501941528486,-0.037206195179680164,-0.03751765379429537,0.0984687385882469,0.09812473200578639,188
86,Stage2-Refine,5.814403064707492,0.6937795198978262,2.9346411126725216,1.8167180114604058,0.3692644103727442,0.7036536037921906,0.0,0.0,0.0010119517066626978,9.676617639037797,-0.03757912708703983,-0.03786388479861768,0.09731412920704548,0.09697913180323357,188
87,Stage2-Refine,5.814981833417365,0.6938065160462197,2.9362988408575665,1.8158425733130028,0.36903390732217345,0.703992543385384,0.0,0.0,0.001046405124551266,10.007553824098512,-0.03544212344840684,-0.03576224738548688,0.09794561858189867,0.09759527345762607,188
88,Stage2-Refine,5.789490357358405,0.6938032324009753,2.9164784081438753,1.8111196058861754,0.3680891175853445,0.7020112675555209,0.0,0.0,0.000847855898069959,9.040991680269922,-0.04505836228998576,-0.045355142428579326,0.09745892125399823,0.09706787875992187,188
89,Stage2-Refine,5.7705455333628555,0.6938098225187748,2.8986853449902634,1.809857315205513,0.36819303955169436,0.704420250781039,0.0,0.0,0.0010898782909746242,10.34249783684796,-0.05222145140052159,-0.052536507315458135,0.09909864851927504,0.09874358044025745,188
90,Stage2-Refine,5.7631516608786075,0.6938127558282081,2.8949119423298124,1.8066980312479304,0.36772893892323716,0.7035626880031951,0.0,0.0,0.0010030732911663438,10.11938876113371,-0.055826415991450246,-0.05613805591425997,0.09875495066034033,0.09839157954333945,188
91,Stage2-Refine,5.770237727368132,0.6937927052061609,2.903493883761954,1.8053878609170304,0.36756329159153267,0.7024634046123382,0.0,0.0,0.0008936726450322548,9.085650012528362,-0.060742539759883855,-0.06105118942387561,0.09911741752256738,0.09874750768884699,188
92,Stage2-Refine,5.751173463273556,0.693812037402011,2.886142171443777,1.8037390423581956,0.36748020905763545,0.7033605588243362,0.0,0.0,0.0009834623999384038,9.511638100200676,-0.057961664271560756,-0.058268070220947266,0.09809966508219851,0.09768542508654138,188
93,Stage2-Refine,5.747074363079477,0.6937857606309525,2.8825549977890987,1.8035072690628944,0.3672263424130196,0.7022956679476068,0.0,0.0,0.000878744910899494,9.247425578744535,-0.04972272444556051,-0.050031241450577656,0.09625284663064683,0.0958864430480815,188
94,Stage2-Refine,5.738257382778412,0.693760447996728,2.876079679803645,1.801327850590361,0.367089385523441,0.7025204376971468,0.0,0.0,0.0009012359073591491,8.921250727672492,-0.0495177650071205,-0.04982900138984018,0.09539597624159873,0.09502798017669231,188
95,Stage2-Refine,5.725358831121566,0.6937964197168959,2.864100659147222,1.8005194220137088,0.36694233293863054,0.7023577116271282,0.0,0.0,0.0008852438722510186,9.346002282441345,-0.04078298460375121,-0.04109412728947528,0.09479505691598071,0.09443472468472541,188
96,Stage2-Refine,5.73092478640536,0.6937982420972053,2.872305864983417,1.79848649780801,0.3663341964178897,0.7015032105623408,0.0,0.0,0.0007995101587437873,8.825017984698944,-0.03279190360967248,-0.03308751575458062,0.09331209787187424,0.09294451872243527,188
97,Stage2-Refine,5.725829324823745,0.6937842416636487,2.8692242794848504,1.7965283368496185,0.3662924804586045,0.7040452389641011,0.0,0.0,0.001056265933816866,10.138054620821285,-0.04189368025052975,-0.04222459856487632,0.0942204662777008,0.09386604501211897,188
98,Stage2-Refine,5.71640518371095,0.6937906948175836,2.8593385815620422,1.7969290747287425,0.3663468246764325,0.7017627688164406,0.0,0.0,0.0008293229861629562,8.941904476742017,-0.04288286703113625,-0.04324179254670409,0.09459566523103004,0.0942600501027513,188
99,Stage2-Refine,5.686739761778649,0.6937756909334913,2.8332286160042943,1.7938613853556045,0.3658740821670979,0.7020328577528608,0.0,0.0,0.0008556547639253698,9.167100443464841,-0.04671539380116031,-0.04706547718415869,0.09471308689643727,0.09443542345407162,188
100,Stage2-Refine,5.6687665264657205,0.6937951099999408,2.8189019433995512,1.79101677017009,0.3650527349970442,0.7012984524381921,0.0,0.0,0.0007824916631162,8.701326175642418,-0.041546789728640086,-0.041898548382611825,0.09470182669131046,0.09440517056971154,188
101,Stage2-Refine,5.703618889159345,0.6937999928251226,2.849282087163722,1.794930156241072,0.36560666101410033,0.7005774118798844,0.0,0.0,0.000710302383827474,7.70622538195525,-0.04449791325741705,-0.044840642107412856,0.0936166608032394,0.09328111605916886,188
102,Stage2-Refine,5.676959311708491,0.6937945662660802,2.8284186657438886,1.7898032982298668,0.3649427960527704,0.7020880151936348,0.0,0.0,0.0008613652439151415,8.827678663908102,-0.04131878479978347,-0.0416666600243882,0.09064818114200805,0.0902738952018479,188
103,Stage2-Refine,5.661123364529711,0.6937876721011832,2.81441892842029,1.7879965958443094,0.3649201833821358,0.7022321817088635,0.0,0.0,0.0008756049407778885,8.679714911819532,-0.05213097312012093,-0.0524678452329294,0.09263845434055683,0.09229932281565159,188
104,Stage2-Refine,5.663071145402625,0.6937847872997852,2.8164249937585057,1.7878738216897274,0.3649875450324505,0.7003259582722441,0.0,0.0,0.0006882964470354095,7.424129215228998,-0.04665130391305788,-0.04703356820763029,0.09334639281510039,0.09298104658088785,188
105,Stage2-Refine,5.646188543197956,0.693761835389949,2.8018788352925728,1.7859318471969443,0.3646160433901117,0.7026360573920798,0.0,0.0,0.0009163945850308123,9.01779415784045,-0.04932870253291417,-0.0496644135837027,0.09299943790315314,0.09265995168305458,188
106,Stage2-Refine,5.681684136390686,0.6937948585824764,2.833663020996337,1.7889810832256967,0.3652451658185492,0.7031543245340915,0.0,0.0,0.0009697065402662625,8.9354381493426,-0.054486822995773336,-0.05486163435543471,0.09238392899328089,0.09203312399381018,188
107,Stage2-Refine,5.639995491251033,0.6938050132482609,2.799191216205029,1.7826623124011018,0.36433694543356593,0.7019627227428111,0.0,0.0,0.0008517345361318067,8.645672799517852,-0.05549422802126154,-0.055892006484197176,0.09213606533693507,0.0917691678363592,188
108,Stage2-Refine,5.645505529768924,0.6937854841668555,2.8039048238003508,1.7836403637490374,0.36417487295384104,0.7026541093562512,0.0,0.0,0.0009220017090461005,8.827909724139115,-0.05093265452640171,-0.051319026794443105,0.09097138273113585,0.09055983310842768,188
109,Stage2-Refine,5.629173940800606,0.6937919005434564,2.790687694194469,1.7809564223948946,0.36373792255812504,0.7013282801242585,0.0,0.0,0.0007904820982304878,8.61642776617032,-0.05601747356171898,-0.056421823228679675,0.09117281956082963,0.09079157731475983,188
110,Stage2-Refine,5.644271008511807,0.6937711083508552,2.8049938488513866,1.7816052157828148,0.36390084266028505,0.699946476423994,0.0,0.0,0.0006543053369627005,7.3810187174898685,-0.060493112830296555,-0.060919455520095346,0.09069846530861043,0.09035050389455988,188
111,Stage2-Refine,5.611705488346993,0.6937567778724305,2.774531624418624,1.7798938744879784,0.36352320697079316,0.7006005048751831,0.0,0.0,0.0007175827775697937,8.049546313828731,-0.0752222949757855,-0.07559418989385062,0.09103806673529301,0.09066381923695828,188
112,Stage2-Refine,5.612949744183966,0.6937664401658038,2.777607487871292,1.7783719909952043,0.36320382594428163,0.700699471095775,0.0,0.0,0.0007293311631694953,8.107042494581599,-0.06156352321874905,-0.0619680649065908,0.08989418670535088,0.08953997869282326,188
113,Stage2-Refine,5.615770482002421,0.6937692482420739,2.7808346304487674,1.7781337968846584,0.3630328046831679,0.7028115283935628,0.0,0.0,0.0009381485412070996,9.088781193887637,-0.05883702754161935,-0.05920934158456611,0.09009360288210372,0.0897545069059793,188
114,Stage2-Refine,5.6273680646368796,0.6938037514052493,2.790491428781063,1.779558855168363,0.363514041329952,0.7006387910310258,0.0,0.0,0.0007219021187878791,7.808769883340794,-0.047589457551131344,-0.047990656000849334,0.08945487935016765,0.0890714269765514,188
115,Stage2-Refine,5.602871902445529,0.6937807034304802,2.768252264946065,1.7777108607139993,0.3631280739890768,0.7013163706089588,0.0,0.0,0.0007927762531796768,8.177046158230576,-0.058968360268292906,-0.05940870821297644,0.08914931629724959,0.08878859441648139,188
116,Stage2-Refine,5.59116449761898,0.6937898365741081,2.760682866928425,1.77422437959529,0.36246743306834645,0.7005776946849012,0.0,0.0,0.0007202085980196066,7.7162561472022695,-0.06409566927740866,-0.06454499357162004,0.08818924728226155,0.08779471680680488,188
117,Stage2-Refine,5.577332286124534,0.6937991206316237,2.7487321965237883,1.7725657281723428,0.36223523223653753,0.6991064386798981,0.0,0.0,0.0005731077571134789,7.195612561000631,-0.06047975191687967,-0.06092805040881355,0.08734883181750774,0.08698234116618937,188
118,Stage2-Refine,5.583210557065112,0.6937916748067166,2.7517235963902573,1.7747967141739867,0.36289858279076026,0.7006560567211597,0.0,0.0,0.0007285740879369575,7.921547013110469,-0.06203268686349087,-0.06249346241275681,0.08659528235488749,0.08618888988139782,188
119,Stage2-Refine,5.582509548106092,0.6937915476712775,2.755069600774887,1.7716022064077093,0.36204618754539086,0.7012963253766933,0.0,0.0,0.000790723326441908,8.352106993034905,-0.04863045507784378,-0.04906932769858457,0.08745182337279016,0.0871069906081291,188
120,Stage2-Refine,5.544047383551902,0.6937843852854789,2.7189012677111526,1.7693903319379116,0.36197141431113505,0.699543000535762,0.0,0.0,0.0006161830077813802,7.404523908871336,-0.057648779483799366,-0.05808834234027172,0.08750027382468924,0.08710099641788513,188
121,Stage2-Refine,5.591425883009078,0.6937814722669885,2.7620547921099563,1.7730806184575914,0.36250899430919203,0.7007167326643112,0.0,0.0,0.00073391452021129,8.101595669646214,-0.059962554279952604,-0.060398207739629645,0.08771675955900486,0.08729217891046341,188
122,Stage2-Refine,5.562511474528211,0.6937640740516338,2.7376286095761238,1.76948729220857,0.36163148918050403,0.700990135999436,0.0,0.0,0.0007612624364733068,7.726043612233056,-0.05154355970568004,-0.051973866165040974,0.0872954769020385,0.08696163528935706,188
123,Stage2-Refine,5.57015016231131,0.693741409068412,2.743803858757019,1.7707835949481803,0.3618213127743691,0.7004814449142902,0.0,0.0,0.0007098845578203761,7.867063069150299,-0.047024736871962694,-0.047447401232660766,0.08683669269877545,0.08650463581719298,188
124,Stage2-Refine,5.528386823674466,0.6937437850110074,2.7076050271379186,1.765956719505026,0.36108131088474965,0.7000734951901944,0.0,0.0,0.0006695989189675528,7.6076068736023155,-0.04982789606599018,-0.050240790548219165,0.08487947863784243,0.08450580166375384,188
125,Stage2-Refine,5.5385435286988605,0.6937829382876133,2.7165921114860696,1.7667806078778936,0.3613878935575485,0.7008904855936131,0.0,0.0,0.0007534025887465798,7.907093569462559,-0.04448645866223353,-0.04495874596103293,0.08626359653599719,0.08594610981960246,188
126,Stage2-Refine,5.549492983107871,0.6937508183590909,2.7261569994561214,1.768101675079224,0.3614834797509173,0.701634814130499,0.0,0.0,0.0008281875727063496,8.36263168889582,-0.048507201098316806,-0.048966570745564084,0.08577897613669963,0.08540041907195081,188
127,Stage2-Refine,5.5244699336112815,0.6937666697070953,2.704571309241843,1.7651455871602322,0.36098638795157695,0.7003218756711229,0.0,0.0,0.0006991951575478294,7.78810859561256,-0.040390032068008876,-0.040893878483094594,0.0848448181802288,0.08446403767200227,188
128,Stage2-Refine,5.5291333350729435,0.6937654963199128,2.711104491923718,1.7636736479211361,0.3605897004934067,0.7002530646450976,0.0,0.0,0.0006936642414965466,7.896968890337228,-0.03933855899649256,-0.03985673358956193,0.08459198288619518,0.08424520266658449,188
129,Stage2-Refine,5.5173968431797435,0.6937616724283138,2.701205465387791,1.7620715093105397,0.3603581759206792,0.6999211282806194,0.0,0.0,0.0006589070968944493,7.241428517950166,-0.050295144903468605,-0.050786583661473296,0.08490513934892543,0.08451510323806012,188
130,Stage2-Refine,5.506432018381484,0.6937603138862772,2.6915587313631746,1.7610706978655877,0.36004228454003945,0.7000326279630052,0.0,0.0,0.0006699434933521998,7.230421926963365,-0.054451481577880836,-0.05493156945313069,0.08541661829865993,0.08505126766543439,188
131,Stage2-Refine,5.511817407100759,0.6937744477961926,2.6978616562295468,1.7602039575576782,0.3599773496389389,0.7001197008376426,0.0,0.0,0.0006802637123674937,7.320251952148899,-0.05867010532343324,-0.05917419810244377,0.08528268959452497,0.08491788642045031,188
132,Stage2-Refine,5.51643310201929,0.6937970544429536,2.7014433690842163,1.7610497037146955,0.3601429720032722,0.7000868532885897,0.0,0.0,0.0006785046508663614,7.535921301392649,-0.04226908697053156,-0.04279982540112464,0.08421080389079895,0.08386015681985845,188
133,Stage2-Refine,5.509753724361988,0.693769173419222,2.6965456960049083,1.7595620244107348,0.35987681087027207,0.7001462889478561,0.0,0.0,0.0006852600384050636,7.281564004292384,-0.05415917151766096,-0.05469064102656743,0.08299814307309211,0.08263596325637178,188
134,Stage2-Refine,5.502054247450321,0.6937521743647596,2.6882151270166355,1.7601479501166242,0.35993899991537665,0.7006649888576345,0.0,0.0,0.0007359636840308357,7.7153166272197184,-0.05516368597547742,-0.05566328521223461,0.08259885238998747,0.08226123103436003,188
135,Stage2-Refine,5.485897447200531,0.6937606578811686,2.675590089026918,1.7569439278004018,0.35960278263751494,0.6998938569363128,0.0,0.0,0.0006605003536412582,7.253794965337948,-0.06551921896715747,-0.06605375153904265,0.08401569058286383,0.08367870696523089,188
136,Stage2-Refine,5.5289704875743135,0.6937531058458571,2.7091945156137993,1.765297293663025,0.3607255792681207,0.6993187412302545,0.0,0.0,0.0006044865936696334,6.878665529676395,-0.058958317306724954,-0.059531875435223286,0.08261112666669045,0.08224251022205707,188
137,Stage2-Refine,5.4720241085011905,0.6937732433385038,2.663437379167435,1.7555562086561893,0.3592572885941952,0.7001333471308363,0.0,0.0,0.0006866759655128996,7.454879150253068,-0.06276195033631743,-0.06335309588726848,0.0844460563694543,0.0840808604546684,188
138,Stage2-Refine,5.490643420117967,0.6937646811946909,2.67947777535053,1.7578139102205317,0.35958704312748097,0.6998949035051021,0.0,0.0,0.0006608200686040366,7.264840478811039,-0.06527429408928816,-0.06582371238619089,0.08434727328254822,0.08396325502148334,188
139,Stage2-Refine,5.471839831230488,0.6937682232324113,2.6638570884440806,1.7549483979001959,0.3592661256168751,0.6994115351996524,0.0,0.0,0.0006124322931874361,7.16859745313154,-0.06502648596552775,-0.06556385030296255,0.08340581863167439,0.08302834301077305,188
140,Stage2-Refine,5.489557966272882,0.6937645347194469,2.680433930234706,1.7560459540245381,0.3593135144799314,0.6996290151109087,0.0,0.0,0.000635819286412214,7.157806930950916,-0.06395025485928388,-0.06450537907237068,0.08169584277462452,0.08132920081311083,188
141,Stage2-Refine,5.472448711699628,0.6937865966812093,2.6645091493079005,1.755045329636716,0.35910762751356085,0.6999070336844059,0.0,0.0,0.0006621991483757967,7.577049614690626,-0.06225113807979258,-0.06279294459555457,0.08233694323992476,0.08193845127491241,188
142,Stage2-Refine,5.4763771828184735,0.6938003900837391,2.6684817963458123,1.7551167226852256,0.3589782624485645,0.700226439440504,0.0,0.0,0.0006986886055722394,7.3912180689971585,-0.07123716706608205,-0.0718673071130476,0.0839849121155257,0.08361809264789237,188
143,Stage2-Refine,5.479636306458331,0.6937904459364871,2.6721574816297977,1.754544643645591,0.3591437721823124,0.7006082835983722,0.0,0.0,0.00073485069190204,7.632598952725446,-0.06139174439607466,-0.06200045446290615,0.083882951673041,0.08351307084902804,188
144,Stage2-Refine,5.450955218457161,0.6937935675712342,2.6471941287213183,1.751525308223481,0.3584422117218058,0.6986074520552412,0.0,0.0,0.0005371936679964958,6.446367225208054,-0.07181864784673807,-0.07244092384551434,0.083499813769409,0.08313054107922188,188
145,Stage2-Refine,5.4666728212478315,0.6937739532044593,2.6637031714966954,1.7508884490804468,0.3583072636355745,0.699092981663156,0.0,0.0,0.0005841299328088272,6.753705871963671,-0.0685742392422671,-0.0691646858257182,0.08287268908734018,0.08246571748973207,188
146,Stage2-Refine,5.451588793003813,0.6937850456922612,2.6507107615470886,1.7491842939498576,0.3579087268481863,0.6998896145440162,0.0,0.0,0.0006625266129881214,7.065486244091206,-0.07404789971955557,-0.07464921913119628,0.08472184773455275,0.08438299933171019,188
147,Stage2-Refine,5.444009326873942,0.6938629914471444,2.6423751965482185,1.7495490173076063,0.35822211507153,0.7006657529384532,0.0,0.0,0.0007375600144827176,7.053888444594215,-0.06410837599120915,-0.06472539567534732,0.08645876964673083,0.08609257630528287,188
148,Stage2-Refine,5.444563140260413,0.6938143797377323,2.6437909546050617,1.7487532020883356,0.3582046059693428,0.6986642334055393,0.0,0.0,0.0005439174280794798,6.383108695511406,-0.04614205825132655,-0.046784636306952926,0.08201984922461053,0.08168285256846154,188
149,Stage2-Refine,5.444720907414213,0.6938116360217967,2.6459613163420497,1.7472264430624374,0.3577215330714875,0.699360858252708,0.0,0.0,0.0006142170110116298,6.450769139535194,-0.07985441466951941,-0.0805030529426926,0.08281289956512604,0.08245069295802016,188
150,Stage2-Refine,5.445943431651338,0.6937874977258925,2.646712191561435,1.7476255113774157,0.35781822210930764,0.6984081655106646,0.0,0.0,0.0005186808073708659,6.352379989014758,-0.08627449691374885,-0.08691062778234482,0.08339919470884699,0.08305183298727299,188
151,Stage2-Refine,5.4517199409768935,0.6937824176981094,2.6487853425614376,1.7510062062993963,0.3581459542855303,0.6992980251286892,0.0,0.0,0.0006075008450932999,6.520066546913086,-0.08423863878434008,-0.08485402495778621,0.08330396122913411,0.08292043573678808,188
152,Stage2-Refine,5.435840454507382,0.6937901212814006,2.636340999856908,1.7477912040466959,0.35791812710305476,0.6992127717809474,0.0,0.0,0.0005997544966935783,6.789363073999535,-0.08204963960823544,-0.08270056181131526,0.0832649235554198,0.08288175295642082,188
153,Stage2-Refine,5.432390557958724,0.69381061291441,2.634799284503815,1.7460991334407887,0.35768154691508475,0.6990553942766595,0.0,0.0,0.0005840085558257341,6.7372956886782065,-0.07597183095330888,-0.07662183167214723,0.08206654126022725,0.08167153061862956,188
154,Stage2-Refine,5.438992426750508,0.6938320813660926,2.640524893365008,1.746813328342235,0.3578221308107072,0.6996088341829625,0.0,0.0,0.0006413392255203786,6.816771523748264,-0.08295917021546592,-0.08365885261446238,0.08216697655301144,0.08182349785211239,188
155,Stage2-Refine,5.418709364343197,0.6938418980608595,2.6232395476483283,1.7442387710226344,0.3573891669511795,0.6996811583955237,0.0,0.0,0.0006499146944077709,7.154732932815869,-0.08420122547590352,-0.08491446832789386,0.08155268708125074,0.0812093844597644,188
156,Stage2-Refine,5.421259634038235,0.6938173355574303,2.6272442023804845,1.7430866760142305,0.3571113978928708,0.6993584594828017,0.0,0.0,0.0006164330534955568,6.7184869521262875,-0.07535851851819043,-0.0760423143374476,0.08027748216656928,0.0799105361183273,188
157,Stage2-Refine,5.44027209789195,0.6938403204400488,2.6432924207220685,1.745734469687685,0.3574049049552451,0.6981266499199765,0.0,0.0,0.000496244165759058,6.043749791999891,-0.08279975267880141,-0.08354337426259163,0.08060513527945001,0.08026371131393503,188
158,Stage2-Refine,5.457261301101522,0.6938191385979348,2.654147988938271,1.7512637738217698,0.35803039340262716,0.6990592879183749,0.0,0.0,0.00059009441769802,7.0108892737834285,-0.08523919124235498,-0.08599110017035236,0.0806212418098399,0.08024529597543656,188
159,Stage2-Refine,5.404518589060357,0.6938091418210496,2.6122390228383083,1.7417473609143115,0.3567230501707564,0.7000250435890035,0.0,0.0,0.0006866889971787075,7.1103443759724785,-0.09076973191521903,-0.09151879406752104,0.080580699435891,0.08025211547600462,188
160,Stage2-Refine,5.391690086811147,0.6938147433894746,2.603338227627125,1.7384551040669705,0.3560820161662203,0.6986822821992509,0.0,0.0,0.0005531984732133037,6.42061787721116,-0.09847261550578665,-0.09922902064120516,0.08033109658417549,0.08000419015421513,188
